Workbook

Sheet products
A1: productid | B1: product | C1: price
A2: 101 | B2: Product A | C2: 120
A3: 102 | B3: Product B | C3: 150
A4: 103 | B4: Product C | C4: 200
A5: 104 | B5: Product D | C5: 90
A6: 105 | B6: Product E | C6: 220
A7: 106 | B7: Product G | C7: 130

Sheet orders
A1: order Id | B1: Product Id | C1: Qunatity | D1: Product name | E1: total price | F1: discount total price | G1: unit price | H1: discout unit price | I1: status
A2: 1 | B2: 101 | C2: 2 | D2: =VLOOKUP(B2,products!$A$1:$C$7,2,0) -> Product A | E2: =VLOOKUP(B2,products!$A$1:$C$7,3,0)*orders!C2 -> 240 | F2: =(E2-E2*10%) -> 216 | G2: =VLOOKUP(B2,products!$A$1:$C$7,3,0) -> 120 | H2: =(G2-G2*10%) -> 108 | I2: =IF(ISNA(VLOOKUP(B2,products!$A$1:$A$7,1,0)),"not order","order") -> order
A3: 2 | B3: 103 | C3: 1 | D3: =VLOOKUP(B3,products!$A$1:$C$7,2,0) -> Product C | E3: =VLOOKUP(B3,products!$A$1:$C$7,3,0)*orders!C3 -> 200 | F3: =(E3-E3*10%) -> 180 | G3: =VLOOKUP(B3,products!$A$1:$C$7,3,0) -> 200 | H3: =(G3-G3*10%) -> 180 | I3: =IF(ISNA(VLOOKUP(B3,products!$A$1:$A$7,1,0)),"not order","order") -> order
A4: 3 | B4: 105 | C4: 4 | D4: =VLOOKUP(B4,products!$A$1:$C$7,2,0) -> Product E | E4: =VLOOKUP(B4,products!$A$1:$C$7,3,0)*orders!C4 -> 880 | F4: =(E4-E4*10%) -> 792 | G4: =VLOOKUP(B4,products!$A$1:$C$7,3,0) -> 220 | H4: =(G4-G4*10%) -> 198 | I4: =IF(ISNA(VLOOKUP(B4,products!$A$1:$A$7,1,0)),"not order","order") -> order
A5: 4 | B5: 106 | C5: 3 | D5: =VLOOKUP(B5,products!$A$1:$C$7,2,0) -> Product G | E5: =VLOOKUP(B5,products!$A$1:$C$7,3,0)*orders!C5 -> 390 | F5: =(E5-E5*10%) -> 351 | G5: =VLOOKUP(B5,products!$A$1:$C$7,3,0) -> 130 | H5: =(G5-G5*10%) -> 117 | I5: =IF(ISNA(VLOOKUP(B5,products!$A$1:$A$7,1,0)),"not order","order") -> order
A6: 5 | B6: 102 | C6: 5 | D6: =VLOOKUP(B6,products!$A$1:$C$7,2,0) -> Product B | E6: =VLOOKUP(B6,products!$A$1:$C$7,3,0)*orders!C6 -> 750 | F6: =(E6-E6*10%) -> 675 | G6: =VLOOKUP(B6,products!$A$1:$C$7,3,0) -> 150 | H6: =(G6-G6*10%) -> 135 | I6: =IF(ISNA(VLOOKUP(B6,products!$A$1:$A$7,1,0)),"not order","order") -> order
A7: 6 | B7: 104 | C7: 6 | D7: =VLOOKUP(B7,products!$A$1:$C$7,2,0) -> Product D | E7: =VLOOKUP(B7,products!$A$1:$C$7,3,0)*orders!C7 -> 540 | F7: =(E7-E7*10%) -> 486 | G7: =VLOOKUP(B7,products!$A$1:$C$7,3,0) -> 90 | H7: =(G7-G7*10%) -> 81 | I7: =IF(ISNA(VLOOKUP(B7,products!$A$1:$A$7,1,0)),"not order","order") -> order
A8: 7 | B8: 109 | I8: =IF(ISNA(VLOOKUP(B8,products!$A$1:$A$7,1,0)),"not order","order") -> not order
B12: Maximum order
B13: =MAX(E2:E7) -> 880
